Año,Trimestre,Provincia,acceso_actual,nuevo_acceso,KPI
2014,1,Buenos Aires,54.57007287943976,55.06141695143392,0.9
2014,2,Buenos Aires,55.06141695143392,56.75473916407103,3.08
2014,3,Buenos Aires,56.75473916407103,56.09433653019754,-1.16
2014,4,Buenos Aires,56.09433653019754,56.37048433026737,0.49
2015,1,Buenos Aires,56.37048433026737,56.80280561439208,0.77
2015,2,Buenos Aires,56.80280561439208,57.68868105608009,1.56
2015,3,Buenos Aires,57.68868105608009,58.29182182733718,1.05
2015,4,Buenos Aires,58.29182182733718,57.33590782254113,-1.64
2016,1,Buenos Aires,57.33590782254113,59.33852679105808,3.49
2016,2,Buenos Aires,59.33852679105808,60.14329545468815,1.36
2016,3,Buenos Aires,60.14329545468815,61.236587430356856,1.82
2016,4,Buenos Aires,61.236587430356856,58.57400244920328,-4.35
2017,1,Buenos Aires,58.57400244920328,56.27214416169132,-3.93
2017,2,Buenos Aires,56.27214416169132,55.62938339533962,-1.14
2017,3,Buenos Aires,55.62938339533962,57.609615290258205,3.56
2017,4,Buenos Aires,57.609615290258205,62.62621166168454,8.71
2018,1,Buenos Aires,62.62621166168454,62.78226651094991,0.25
2018,2,Buenos Aires,62.78226651094991,64.44056759752046,2.64
2018,3,Buenos Aires,64.44056759752046,64.60284663484316,0.25
2018,4,Buenos Aires,64.60284663484316,66.24255522736811,2.54
2019,1,Buenos Aires,66.24255522736811,67.84713982374198,2.42
2019,2,Buenos Aires,67.84713982374198,69.35630106079125,2.22
2019,3,Buenos Aires,69.35630106079125,64.25205288245421,-7.36
2019,4,Buenos Aires,64.25205288245421,64.32563101743429,0.11
2020,1,Buenos Aires,64.32563101743429,65.2205801358229,1.39
2020,2,Buenos Aires,65.2205801358229,67.65618983090923,3.73
2020,3,Buenos Aires,67.65618983090923,68.97702220170737,1.95
2020,4,Buenos Aires,68.97702220170737,69.10524076185938,0.19
2021,1,Buenos Aires,69.10524076185938,70.00330336027972,1.3
2021,2,Buenos Aires,70.00330336027972,71.68218940101933,2.4
2021,3,Buenos Aires,71.68218940101933,75.66410602338475,5.55
2021,4,Buenos Aires,75.66410602338475,76.07814661157262,0.55
2022,1,Buenos Aires,76.07814661157262,77.58,1.97
2022,2,Buenos Aires,77.58,78.11,0.68
2022,3,Buenos Aires,78.11,78.94,1.06
2022,4,Buenos Aires,78.94,79.0,0.08
2023,1,Buenos Aires,79.0,79.67,0.85
2023,2,Buenos Aires,79.67,80.64,1.22
2014,1,Capital Federal,112.25412278926912,113.1433524754098,0.79
2014,2,Capital Federal,113.1433524754098,113.8005123324155,0.58
2014,3,Capital Federal,113.8005123324155,114.89676550801624,0.96
2014,4,Capital Federal,114.89676550801624,114.89699714890288,0.0
2015,1,Capital Federal,114.89699714890288,116.06627091860372,1.02
2015,2,Capital Federal,116.06627091860372,118.2892111643196,1.92
2015,3,Capital Federal,118.2892111643196,118.13036321153808,-0.13
2015,4,Capital Federal,118.13036321153808,115.16005888884816,-2.51
2016,1,Capital Federal,115.16005888884816,120.03953504825309,4.24
2016,2,Capital Federal,120.03953504825309,120.77287775101534,0.61
2016,3,Capital Federal,120.77287775101534,120.63133173632356,-0.12
2016,4,Capital Federal,120.63133173632356,108.36920836560806,-10.16
2017,1,Capital Federal,108.36920836560806,124.06139375642525,14.48
2017,2,Capital Federal,124.06139375642525,121.85832590969336,-1.78
2017,3,Capital Federal,121.85832590969336,122.89742418734993,0.85
2017,4,Capital Federal,122.89742418734993,106.23567174586836,-13.56
2018,1,Capital Federal,106.23567174586836,106.53494128146691,0.28
2018,2,Capital Federal,106.53494128146691,108.44591411021922,1.79
2018,3,Capital Federal,108.44591411021922,108.27314997057414,-0.16
2018,4,Capital Federal,108.27314997057414,109.19616455883845,0.85
2019,1,Capital Federal,109.19616455883845,110.54556699485232,1.24
2019,2,Capital Federal,110.54556699485232,112.6453878037209,1.9
2019,3,Capital Federal,112.6453878037209,106.24546751041056,-5.68
2019,4,Capital Federal,106.24546751041056,105.98017414181908,-0.25
2020,1,Capital Federal,105.98017414181908,106.41480599073644,0.41
2020,2,Capital Federal,106.41480599073644,107.6759011657323,1.19
2020,3,Capital Federal,107.6759011657323,108.31107489043508,0.59
2020,4,Capital Federal,108.31107489043508,108.4199392232935,0.1
2021,1,Capital Federal,108.4199392232935,110.14440203212098,1.59
2021,2,Capital Federal,110.14440203212098,111.27105514250894,1.02
2021,3,Capital Federal,111.27105514250894,111.27002612891737,-0.0
2021,4,Capital Federal,111.27002612891737,111.79786269174652,0.47
2022,1,Capital Federal,111.79786269174652,121.31,8.51
2022,2,Capital Federal,121.31,122.28,0.8
2022,3,Capital Federal,122.28,122.73,0.37
2022,4,Capital Federal,122.73,122.59,-0.11
2023,1,Capital Federal,122.59,115.48,-5.8
2023,2,Capital Federal,115.48,116.4,0.8
2014,1,Catamarca,24.251751254585557,24.703118860058403,1.86
2014,2,Catamarca,24.703118860058403,24.706121305327624,0.01
2014,3,Catamarca,24.706121305327624,25.513779082748,3.27
2014,4,Catamarca,25.513779082748,25.10946633078758,-1.58
2015,1,Catamarca,25.10946633078758,25.45341804469818,1.37
2015,2,Catamarca,25.45341804469818,25.863781184637624,1.61
2015,3,Catamarca,25.863781184637624,26.23945178859185,1.45
2015,4,Catamarca,26.23945178859185,25.910217981190534,-1.25
2016,1,Catamarca,25.910217981190534,26.07418805974065,0.63
2016,2,Catamarca,26.07418805974065,26.48067675746367,1.56
2016,3,Catamarca,26.48067675746367,26.543515589961917,0.24
2016,4,Catamarca,26.543515589961917,25.659350838021503,-3.33
2017,1,Catamarca,25.659350838021503,25.97712106768351,1.24
2017,2,Catamarca,25.97712106768351,32.49092567790524,25.08
2017,3,Catamarca,32.49092567790524,28.620950093924897,-11.91
2017,4,Catamarca,28.620950093924897,32.79361613741535,14.58
2018,1,Catamarca,32.79361613741535,32.8575008674866,0.19
2018,2,Catamarca,32.8575008674866,32.91594537411041,0.18
2018,3,Catamarca,32.91594537411041,32.225346166025346,-2.1
2018,4,Catamarca,32.225346166025346,32.190488956121285,-0.11
2019,1,Catamarca,32.190488956121285,32.13095022019278,-0.18
2019,2,Catamarca,32.13095022019278,30.883614526737205,-3.88
2019,3,Catamarca,30.883614526737205,36.43842912715547,17.99
2019,4,Catamarca,36.43842912715547,37.615427687460254,3.23
2020,1,Catamarca,37.615427687460254,45.43181818181818,20.78
2020,2,Catamarca,45.43181818181818,47.15709898417198,3.8
2020,3,Catamarca,47.15709898417198,49.40688354549741,4.77
2020,4,Catamarca,49.40688354549741,48.89909292784824,-1.03
2021,1,Catamarca,48.89909292784824,52.34030966263861,7.04
2021,2,Catamarca,52.34030966263861,52.70979348600128,0.71
2021,3,Catamarca,52.70979348600128,55.2526999859741,4.82
2021,4,Catamarca,55.2526999859741,58.20635083561171,5.35
2022,1,Catamarca,58.20635083561171,62.4,7.2
2022,2,Catamarca,62.4,65.33,4.7
2022,3,Catamarca,65.33,65.77,0.67
2022,4,Catamarca,65.77,66.17,0.61
2023,1,Catamarca,66.17,67.42,1.89
2023,2,Catamarca,67.42,68.55,1.68
2014,1,Chaco,20.71853886384081,20.95799636749445,1.16
2014,2,Chaco,20.95799636749445,21.112666705262427,0.74
2014,3,Chaco,21.112666705262427,21.87078320023224,3.59
2014,4,Chaco,21.87078320023224,26.649591220305552,21.85
2015,1,Chaco,26.649591220305552,27.46453938839946,3.06
2015,2,Chaco,27.46453938839946,27.96307279347941,1.82
2015,3,Chaco,27.96307279347941,28.35056623514143,1.39
2015,4,Chaco,28.35056623514143,28.07514644775236,-0.97
2016,1,Chaco,28.07514644775236,28.5935505552226,1.85
2016,2,Chaco,28.5935505552226,28.910749068480957,1.11
2016,3,Chaco,28.910749068480957,28.786656085255263,-0.43
2016,4,Chaco,28.786656085255263,28.62166053842791,-0.57
2017,1,Chaco,28.62166053842791,29.045524775453423,1.48
2017,2,Chaco,29.045524775453423,29.975925647657625,3.2
2017,3,Chaco,29.975925647657625,30.808158111236537,2.78
2017,4,Chaco,30.808158111236537,30.829927645702472,0.07
2018,1,Chaco,30.829927645702472,31.25170499603489,1.37
2018,2,Chaco,31.25170499603489,32.283100833077576,3.3
2018,3,Chaco,32.283100833077576,32.59096087632982,0.95
2018,4,Chaco,32.59096087632982,32.635876579429485,0.14
2019,1,Chaco,32.635876579429485,34.14026097986763,4.61
2019,2,Chaco,34.14026097986763,35.8460309754608,5.0
2019,3,Chaco,35.8460309754608,36.835478630342415,2.76
2019,4,Chaco,36.835478630342415,37.483833369172615,1.76
2020,1,Chaco,37.483833369172615,39.83250279006581,6.27
2020,2,Chaco,39.83250279006581,41.54192057806515,4.29
2020,3,Chaco,41.54192057806515,43.03078864977911,3.58
2020,4,Chaco,43.03078864977911,43.13649241708794,0.25
2021,1,Chaco,43.13649241708794,43.32762729293539,0.44
2021,2,Chaco,43.32762729293539,42.96241007967663,-0.84
2021,3,Chaco,42.96241007967663,44.04856389025934,2.53
2021,4,Chaco,44.04856389025934,44.05948009941883,0.02
2022,1,Chaco,44.05948009941883,43.79,-0.61
2022,2,Chaco,43.79,43.86,0.16
2022,3,Chaco,43.86,43.62,-0.55
2022,4,Chaco,43.62,43.15,-1.08
2023,1,Chaco,43.15,42.87,-0.65
2023,2,Chaco,42.87,42.87,0.0
2014,1,Chubut,41.23521807972435,41.41020981991258,0.42
2014,2,Chubut,41.41020981991258,40.59867094427454,-1.96
2014,3,Chubut,40.59867094427454,40.24927468450274,-0.86
2014,4,Chubut,40.24927468450274,37.61278068590792,-6.55
2015,1,Chubut,37.61278068590792,36.58246720458481,-2.74
2015,2,Chubut,36.58246720458481,36.81180991463324,0.63
2015,3,Chubut,36.81180991463324,36.89017827786587,0.21
2015,4,Chubut,36.89017827786587,36.0927055378499,-2.16
2016,1,Chubut,36.0927055378499,36.12438565556337,0.09
2016,2,Chubut,36.12438565556337,36.17869442878647,0.15
2016,3,Chubut,36.17869442878647,36.07290546427898,-0.29
2016,4,Chubut,36.07290546427898,35.662220237763016,-1.14
2017,1,Chubut,35.662220237763016,35.54601117914412,-0.33
2017,2,Chubut,35.54601117914412,46.21537746651841,30.02
2017,3,Chubut,46.21537746651841,51.46309626749354,11.35
2017,4,Chubut,51.46309626749354,53.71560488248906,4.38
2018,1,Chubut,53.71560488248906,54.90230333735512,2.21
2018,2,Chubut,54.90230333735512,56.39174585226903,2.71
2018,3,Chubut,56.39174585226903,42.61093609604538,-24.44
2018,4,Chubut,42.61093609604538,42.99773633717796,0.91
2019,1,Chubut,42.99773633717796,46.98798413626923,9.28
2019,2,Chubut,46.98798413626923,47.56624162293312,1.23
2019,3,Chubut,47.56624162293312,51.14501785514712,7.52
2019,4,Chubut,51.14501785514712,51.26848941909703,0.24
2020,1,Chubut,51.26848941909703,57.344613387235526,11.85
2020,2,Chubut,57.344613387235526,68.34389815720037,19.18
2020,3,Chubut,68.34389815720037,68.35189915825622,0.01
2020,4,Chubut,68.35189915825622,68.9942808881567,0.94
2021,1,Chubut,68.9942808881567,72.29410481936469,4.78
2021,2,Chubut,72.29410481936469,80.70973847657562,11.64
2021,3,Chubut,80.70973847657562,82.57340063871433,2.31
2021,4,Chubut,82.57340063871433,88.05274093835774,6.64
2022,1,Chubut,88.05274093835774,83.19,-5.52
2022,2,Chubut,83.19,84.38,1.43
2022,3,Chubut,84.38,85.57,1.41
2022,4,Chubut,85.57,85.89,0.37
2023,1,Chubut,85.89,82.49,-3.96
2023,2,Chubut,82.49,84.23,2.11
2014,1,Corrientes,22.31671671383888,22.575613003243586,1.16
2014,2,Corrientes,22.575613003243586,22.78753503515243,0.94
2014,3,Corrientes,22.78753503515243,23.56243099277512,3.4
2014,4,Corrientes,23.56243099277512,28.95019128190928,22.87
2015,1,Corrientes,28.95019128190928,29.584012668108493,2.19
2015,2,Corrientes,29.584012668108493,30.16741240901903,1.97
2015,3,Corrientes,30.16741240901903,30.33643144533882,0.56
2015,4,Corrientes,30.33643144533882,30.080785004133052,-0.84
2016,1,Corrientes,30.080785004133052,30.58016204661656,1.66
2016,2,Corrientes,30.58016204661656,31.066878826051184,1.59
2016,3,Corrientes,31.066878826051184,30.98107037649768,-0.28
2016,4,Corrientes,30.98107037649768,30.940600109644144,-0.13
2017,1,Corrientes,30.940600109644144,31.38612136835505,1.44
2017,2,Corrientes,31.38612136835505,32.16543574593796,2.48
2017,3,Corrientes,32.16543574593796,32.51511831118755,1.09
2017,4,Corrientes,32.51511831118755,32.66346087317512,0.46
2018,1,Corrientes,32.66346087317512,33.80975390881165,3.51
2018,2,Corrientes,33.80975390881165,34.24993887383215,1.3
2018,3,Corrientes,34.24993887383215,34.56627656869549,0.92
2018,4,Corrientes,34.56627656869549,35.13498688698812,1.65
2019,1,Corrientes,35.13498688698812,38.15558588418795,8.6
2019,2,Corrientes,38.15558588418795,38.48535113586719,0.86
2019,3,Corrientes,38.48535113586719,38.767440989262106,0.73
2019,4,Corrientes,38.767440989262106,38.7290799422309,-0.1
2020,1,Corrientes,38.7290799422309,40.30476267979574,4.07
2020,2,Corrientes,40.30476267979574,41.750749470464434,3.59
2020,3,Corrientes,41.750749470464434,42.42828394694903,1.62
2020,4,Corrientes,42.42828394694903,42.664128438821415,0.56
2021,1,Corrientes,42.664128438821415,43.5411637336848,2.06
2021,2,Corrientes,43.5411637336848,44.90088312664412,3.12
2021,3,Corrientes,44.90088312664412,45.51016102946347,1.36
2021,4,Corrientes,45.51016102946347,47.644635141502334,4.69
2022,1,Corrientes,47.644635141502334,48.35,1.48
2022,2,Corrientes,48.35,48.21,-0.29
2022,3,Corrientes,48.21,51.64,7.11
2022,4,Corrientes,51.64,52.05,0.79
2023,1,Corrientes,52.05,52.37,0.61
2023,2,Corrientes,52.37,52.78,0.78
2014,1,Córdoba,52.51784754400632,53.448126115626,1.77
2014,2,Córdoba,53.448126115626,54.23361028299935,1.47
2014,3,Córdoba,54.23361028299935,54.69689679332299,0.85
2014,4,Córdoba,54.69689679332299,54.69734650188214,0.0
2015,1,Córdoba,54.69734650188214,55.86916350781819,2.14
2015,2,Córdoba,55.86916350781819,57.08340378951846,2.17
2015,3,Córdoba,57.08340378951846,57.364881766079215,0.49
2015,4,Córdoba,57.364881766079215,55.283092783740216,-3.63
2016,1,Córdoba,55.283092783740216,57.54798052828644,4.1
2016,2,Córdoba,57.54798052828644,58.24381625803197,1.21
2016,3,Córdoba,58.24381625803197,57.696719154378975,-0.94
2016,4,Córdoba,57.696719154378975,57.65332959287443,-0.08
2017,1,Córdoba,57.65332959287443,58.973528908003566,2.29
2017,2,Córdoba,58.973528908003566,62.30700225296333,5.65
2017,3,Córdoba,62.30700225296333,63.33262565207773,1.65
2017,4,Córdoba,63.33262565207773,63.51716965201617,0.29
2018,1,Córdoba,63.51716965201617,63.2743661231958,-0.38
2018,2,Córdoba,63.2743661231958,64.24210026029336,1.53
2018,3,Córdoba,64.24210026029336,65.08926459112368,1.32
2018,4,Córdoba,65.08926459112368,65.5173840768055,0.66
2019,1,Córdoba,65.5173840768055,68.07130938789848,3.9
2019,2,Córdoba,68.07130938789848,68.59234901069021,0.77
2019,3,Córdoba,68.59234901069021,70.48295566244217,2.76
2019,4,Córdoba,70.48295566244217,70.6880744339108,0.29
2020,1,Córdoba,70.6880744339108,72.71358531242393,2.87
2020,2,Córdoba,72.71358531242393,75.22035723669207,3.45
2020,3,Córdoba,75.22035723669207,78.07960876338194,3.8
2020,4,Córdoba,78.07960876338194,78.59028062380018,0.65
2021,1,Córdoba,78.59028062380018,80.11518795931242,1.94
2021,2,Córdoba,80.11518795931242,81.2845665540848,1.46
2021,3,Córdoba,81.2845665540848,84.50941853046088,3.97
2021,4,Córdoba,84.50941853046088,85.75745356313551,1.48
2022,1,Córdoba,85.75745356313551,87.48,2.01
2022,2,Córdoba,87.48,88.31,0.95
2022,3,Córdoba,88.31,89.03,0.82
2022,4,Córdoba,89.03,88.84,-0.21
2023,1,Córdoba,88.84,90.13,1.45
2023,2,Córdoba,90.13,90.05,-0.09
2014,1,Entre Ríos,34.367121821250166,34.687432371459764,0.93
2014,2,Entre Ríos,34.687432371459764,34.981647333712985,0.85
2014,3,Entre Ríos,34.981647333712985,36.0254708519679,2.98
2014,4,Entre Ríos,36.0254708519679,42.06519337351208,16.77
2015,1,Entre Ríos,42.06519337351208,42.93197901645878,2.06
2015,2,Entre Ríos,42.93197901645878,43.67718163526334,1.74
2015,3,Entre Ríos,43.67718163526334,44.10854807300098,0.99
2015,4,Entre Ríos,44.10854807300098,43.84596814466226,-0.6
2016,1,Entre Ríos,43.84596814466226,44.73887454518738,2.04
2016,2,Entre Ríos,44.73887454518738,45.43514088447326,1.56
2016,3,Entre Ríos,45.43514088447326,45.208402854677,-0.5
2016,4,Entre Ríos,45.208402854677,44.907273687041226,-0.67
2017,1,Entre Ríos,44.907273687041226,45.38933102824724,1.07
2017,2,Entre Ríos,45.38933102824724,45.95812167017718,1.25
2017,3,Entre Ríos,45.95812167017718,47.885245293746834,4.19
2017,4,Entre Ríos,47.885245293746834,48.68120241785722,1.66
2018,1,Entre Ríos,48.68120241785722,49.20261187052838,1.07
2018,2,Entre Ríos,49.20261187052838,50.22201385837749,2.07
2018,3,Entre Ríos,50.22201385837749,54.37477348639939,8.27
2018,4,Entre Ríos,54.37477348639939,56.78815996169284,4.44
2019,1,Entre Ríos,56.78815996169284,57.47823458872391,1.22
2019,2,Entre Ríos,57.47823458872391,57.90009945796624,0.73
2019,3,Entre Ríos,57.90009945796624,57.99221691704514,0.16
2019,4,Entre Ríos,57.99221691704514,56.12006051437216,-3.23
2020,1,Entre Ríos,56.12006051437216,56.538654739709614,0.75
2020,2,Entre Ríos,56.538654739709614,58.1901640924315,2.92
2020,3,Entre Ríos,58.1901640924315,59.47430676097378,2.21
2020,4,Entre Ríos,59.47430676097378,60.439449728342346,1.62
2021,1,Entre Ríos,60.439449728342346,61.660264464787886,2.02
2021,2,Entre Ríos,61.660264464787886,62.17940145385769,0.84
2021,3,Entre Ríos,62.17940145385769,63.15536143616578,1.57
2021,4,Entre Ríos,63.15536143616578,63.70090347123158,0.86
2022,1,Entre Ríos,63.70090347123158,63.9,0.31
2022,2,Entre Ríos,63.9,63.67,-0.36
2022,3,Entre Ríos,63.67,64.01,0.53
2022,4,Entre Ríos,64.01,64.79,1.22
2023,1,Entre Ríos,64.79,64.43,-0.56
2023,2,Entre Ríos,64.43,68.84,6.84
2014,1,Formosa,17.418451079368708,17.54041175485166,0.7
2014,2,Formosa,17.54041175485166,17.771314831468263,1.32
2014,3,Formosa,17.771314831468263,17.956311361695214,1.04
2014,4,Formosa,17.956311361695214,18.12270367397183,0.93
2015,1,Formosa,18.12270367397183,18.36026720527858,1.31
2015,2,Formosa,18.36026720527858,18.83675177378525,2.6
2015,3,Formosa,18.83675177378525,19.06549151678632,1.21
2015,4,Formosa,19.06549151678632,19.041878369434937,-0.12
2016,1,Formosa,19.041878369434937,19.370070664564,1.72
2016,2,Formosa,19.370070664564,18.639708302862847,-3.77
2016,3,Formosa,18.639708302862847,19.84823607816392,6.48
2016,4,Formosa,19.84823607816392,19.842489178645863,-0.03
2017,1,Formosa,19.842489178645863,19.965076445261992,0.62
2017,2,Formosa,19.965076445261992,21.35038438007076,6.94
2017,3,Formosa,21.35038438007076,21.27097668924972,-0.37
2017,4,Formosa,21.27097668924972,21.40431025921144,0.63
2018,1,Formosa,21.40431025921144,29.434226520797,37.52
2018,2,Formosa,29.434226520797,29.576573428878444,0.48
2018,3,Formosa,29.576573428878444,29.73653915732,0.54
2018,4,Formosa,29.73653915732,29.67769463043193,-0.2
2019,1,Formosa,29.67769463043193,30.418236006943307,2.5
2019,2,Formosa,30.418236006943307,30.11243299777749,-1.01
2019,3,Formosa,30.11243299777749,30.471313480544048,1.19
2019,4,Formosa,30.471313480544048,30.228303962606848,-0.8
2020,1,Formosa,30.228303962606848,31.1394362262631,3.01
2020,2,Formosa,31.1394362262631,31.905623310186535,2.46
2020,3,Formosa,31.905623310186535,32.487381907596735,1.82
2020,4,Formosa,32.487381907596735,32.732955756327215,0.76
2021,1,Formosa,32.732955756327215,33.22548419322613,1.5
2021,2,Formosa,33.22548419322613,33.962033540684324,2.22
2021,3,Formosa,33.962033540684324,34.4545746388443,1.45
2021,4,Formosa,34.4545746388443,34.955686995751336,1.45
2022,1,Formosa,34.955686995751336,43.42,24.21
2022,2,Formosa,43.42,43.76,0.78
2022,3,Formosa,43.76,39.41,-9.94
2022,4,Formosa,39.41,38.79,-1.57
2023,1,Formosa,38.79,38.32,-1.21
2023,2,Formosa,38.32,38.86,1.41
2014,1,Jujuy,18.41535244687765,18.706060999413573,1.58
2014,2,Jujuy,18.706060999413573,18.368534215570367,-1.8
2014,3,Jujuy,18.368534215570367,19.59941818052116,6.7
2014,4,Jujuy,19.59941818052116,19.68971363262363,0.46
2015,1,Jujuy,19.68971363262363,20.287219077594944,3.03
2015,2,Jujuy,20.287219077594944,21.2703333470887,4.85
2015,3,Jujuy,21.2703333470887,21.47147379391073,0.95
2015,4,Jujuy,21.47147379391073,21.41001128856396,-0.29
2016,1,Jujuy,21.41001128856396,21.888281043576683,2.23
2016,2,Jujuy,21.888281043576683,22.605154265256864,3.28
2016,3,Jujuy,22.605154265256864,22.651387008241425,0.2
2016,4,Jujuy,22.651387008241425,22.756985962232346,0.47
2017,1,Jujuy,22.756985962232346,22.403415894624064,-1.55
2017,2,Jujuy,22.403415894624064,22.64536299508256,1.08
2017,3,Jujuy,22.64536299508256,22.742083716267025,0.43
2017,4,Jujuy,22.742083716267025,23.12126087567753,1.67
2018,1,Jujuy,23.12126087567753,23.432202729854477,1.34
2018,2,Jujuy,23.432202729854477,23.26370013719552,-0.72
2018,3,Jujuy,23.26370013719552,46.53226639132679,100.02
2018,4,Jujuy,46.53226639132679,46.40843874036665,-0.27
2019,1,Jujuy,46.40843874036665,44.511922790626045,-4.09
2019,2,Jujuy,44.511922790626045,44.322486842913605,-0.43
2019,3,Jujuy,44.322486842913605,45.37754633175065,2.38
2019,4,Jujuy,45.37754633175065,46.670230639987786,2.85
2020,1,Jujuy,46.670230639987786,47.887810227872784,2.61
2020,2,Jujuy,47.887810227872784,54.04441923820905,12.86
2020,3,Jujuy,54.04441923820905,53.45659123390888,-1.09
2020,4,Jujuy,53.45659123390888,55.63244789620541,4.07
2021,1,Jujuy,55.63244789620541,56.182157011467694,0.99
2021,2,Jujuy,56.182157011467694,55.6892647441935,-0.88
2021,3,Jujuy,55.6892647441935,56.921070514870486,2.21
2021,4,Jujuy,56.921070514870486,58.06462866426784,2.01
2022,1,Jujuy,58.06462866426784,57.32,-1.28
2022,2,Jujuy,57.32,58.91,2.77
2022,3,Jujuy,58.91,58.46,-0.76
2022,4,Jujuy,58.46,58.2,-0.44
2023,1,Jujuy,58.2,57.78,-0.72
2023,2,Jujuy,57.78,57.61,-0.29
2014,1,La Pampa,48.42532103828204,49.70759616034458,2.65
2014,2,La Pampa,49.70759616034458,55.78120173850417,12.22
2014,3,La Pampa,55.78120173850417,51.273133452228585,-8.08
2014,4,La Pampa,51.273133452228585,55.50803232733774,8.26
2015,1,La Pampa,55.50803232733774,56.70766522530004,2.16
2015,2,La Pampa,56.70766522530004,57.96395975091518,2.22
2015,3,La Pampa,57.96395975091518,58.75633720012275,1.37
2015,4,La Pampa,58.75633720012275,57.84086865504526,-1.56
2016,1,La Pampa,57.84086865504526,60.43686025737927,4.49
2016,2,La Pampa,60.43686025737927,61.73178543650905,2.14
2016,3,La Pampa,61.73178543650905,63.016182768654026,2.08
2016,4,La Pampa,63.016182768654026,62.66928104575163,-0.55
2017,1,La Pampa,62.66928104575163,63.49352648099681,1.32
2017,2,La Pampa,63.49352648099681,69.13993701142644,8.89
2017,3,La Pampa,69.13993701142644,71.04976106378558,2.76
2017,4,La Pampa,71.04976106378558,71.75163692275797,0.99
2018,1,La Pampa,71.75163692275797,71.04033787278055,-0.99
2018,2,La Pampa,71.04033787278055,71.75023651844843,1.0
2018,3,La Pampa,71.75023651844843,73.49404828314209,2.43
2018,4,La Pampa,73.49404828314209,76.35457433780647,3.89
2019,1,La Pampa,76.35457433780647,77.08313750288404,0.95
2019,2,La Pampa,77.08313750288404,77.45269423291748,0.48
2019,3,La Pampa,77.45269423291748,76.92418969170417,-0.68
2019,4,La Pampa,76.92418969170417,75.76678781291396,-1.5
2020,1,La Pampa,75.76678781291396,76.10158288987562,0.44
2020,2,La Pampa,76.10158288987562,79.26447706670275,4.16
2020,3,La Pampa,79.26447706670275,81.76793248945148,3.16
2020,4,La Pampa,81.76793248945148,81.77676345752207,0.01
2021,1,La Pampa,81.77676345752207,82.08000672325404,0.37
2021,2,La Pampa,82.08000672325404,84.27996309653611,2.68
2021,3,La Pampa,84.27996309653611,89.56734270241313,6.27
2021,4,La Pampa,89.56734270241313,91.66332531408716,2.34
2022,1,La Pampa,91.66332531408716,92.98,1.44
2022,2,La Pampa,92.98,96.59,3.88
2022,3,La Pampa,96.59,94.8,-1.85
2022,4,La Pampa,94.8,96.55,1.85
2023,1,La Pampa,96.55,98.35,1.86
2023,2,La Pampa,98.35,99.0,0.66
2014,1,La Rioja,16.294104815837528,16.502564816345664,1.28
2014,2,La Rioja,16.502564816345664,16.50671327406722,0.03
2014,3,La Rioja,16.50671327406722,17.01075088723615,3.05
2014,4,La Rioja,17.01075088723615,16.703201787413843,-1.81
2015,1,La Rioja,16.703201787413843,16.883190981963825,1.08
2015,2,La Rioja,16.883190981963825,17.151129442032545,1.59
2015,3,La Rioja,17.151129442032545,17.315778648410653,0.96
2015,4,La Rioja,17.315778648410653,16.83351837249417,-2.79
2016,1,La Rioja,16.83351837249417,16.878902611111524,0.27
2016,2,La Rioja,16.878902611111524,17.074559106484113,1.16
2016,3,La Rioja,17.074559106484113,16.45531638401623,-3.63
2016,4,La Rioja,16.45531638401623,16.19552414605418,-1.58
2017,1,La Rioja,16.19552414605418,16.203445806143563,0.05
2017,2,La Rioja,16.203445806143563,51.46525230494696,217.62
2017,3,La Rioja,51.46525230494696,51.56847440546175,0.2
2017,4,La Rioja,51.56847440546175,51.44351011244806,-0.24
2018,1,La Rioja,51.44351011244806,50.97789073923241,-0.91
2018,2,La Rioja,50.97789073923241,50.73304318059562,-0.48
2018,3,La Rioja,50.73304318059562,50.347993917417234,-0.76
2018,4,La Rioja,50.347993917417234,50.184587883262736,-0.32
2019,1,La Rioja,50.184587883262736,48.70493914424316,-2.95
2019,2,La Rioja,48.70493914424316,47.94290512174643,-1.56
2019,3,La Rioja,47.94290512174643,47.13589011052434,-1.68
2019,4,La Rioja,47.13589011052434,46.346631384166976,-1.67
2020,1,La Rioja,46.346631384166976,49.83993501839552,7.54
2020,2,La Rioja,49.83993501839552,50.11811323630268,0.56
2020,3,La Rioja,50.11811323630268,50.11061211701148,-0.01
2020,4,La Rioja,50.11061211701148,49.80693519079345,-0.61
2021,1,La Rioja,49.80693519079345,76.9786615851933,54.55
2021,2,La Rioja,76.9786615851933,77.26016061386845,0.37
2021,3,La Rioja,77.26016061386845,77.9234900964576,0.86
2021,4,La Rioja,77.9234900964576,78.77459866564503,1.09
2022,1,La Rioja,78.77459866564503,80.14,1.73
2022,2,La Rioja,80.14,80.66,0.65
2022,3,La Rioja,80.66,79.86,-0.99
2022,4,La Rioja,79.86,79.74,-0.15
2023,1,La Rioja,79.74,80.01,0.34
2023,2,La Rioja,80.01,80.44,0.54
2014,1,Mendoza,31.91312298660578,32.098238150241194,0.58
2014,2,Mendoza,32.098238150241194,32.313179561655694,0.67
2014,3,Mendoza,32.313179561655694,32.63838187615034,1.01
2014,4,Mendoza,32.63838187615034,32.36588756051825,-0.83
2015,1,Mendoza,32.36588756051825,32.49199583186653,0.39
2015,2,Mendoza,32.49199583186653,32.49199583186653,0.0
2015,3,Mendoza,32.49199583186653,32.48895249500142,-0.01
2015,4,Mendoza,32.48895249500142,32.12333888801278,-1.13
2016,1,Mendoza,32.12333888801278,32.12597179442594,0.01
2016,2,Mendoza,32.12597179442594,32.08835884566649,-0.12
2016,3,Mendoza,32.08835884566649,32.10735338479002,0.06
2016,4,Mendoza,32.10735338479002,31.843012770179666,-0.82
2017,1,Mendoza,31.843012770179666,31.75860536139077,-0.27
2017,2,Mendoza,31.75860536139077,35.70493177720565,12.43
2017,3,Mendoza,35.70493177720565,33.32562553415048,-6.66
2017,4,Mendoza,33.32562553415048,37.07215110240331,11.24
2018,1,Mendoza,37.07215110240331,36.97287272406129,-0.27
2018,2,Mendoza,36.97287272406129,37.990597267996215,2.75
2018,3,Mendoza,37.990597267996215,37.757783845911696,-0.61
2018,4,Mendoza,37.757783845911696,37.657164970282864,-0.27
2019,1,Mendoza,37.657164970282864,40.754624235362655,8.23
2019,2,Mendoza,40.754624235362655,40.73714258735342,-0.04
2019,3,Mendoza,40.73714258735342,33.64903072027183,-17.4
2019,4,Mendoza,33.64903072027183,33.14207670017271,-1.51
2020,1,Mendoza,33.14207670017271,36.25224342110005,9.38
2020,2,Mendoza,36.25224342110005,37.348633137232696,3.02
2020,3,Mendoza,37.348633137232696,38.62957896227819,3.43
2020,4,Mendoza,38.62957896227819,39.153661528996416,1.36
2021,1,Mendoza,39.153661528996416,40.97324182617088,4.65
2021,2,Mendoza,40.97324182617088,45.54828468056102,11.17
2021,3,Mendoza,45.54828468056102,47.50531709031775,4.3
2021,4,Mendoza,47.50531709031775,48.73524093558345,2.59
2022,1,Mendoza,48.73524093558345,49.39,1.34
2022,2,Mendoza,49.39,51.03,3.32
2022,3,Mendoza,51.03,51.36,0.65
2022,4,Mendoza,51.36,51.4,0.08
2023,1,Mendoza,51.4,52.09,1.34
2023,2,Mendoza,52.09,52.03,-0.12
2014,1,Misiones,23.13653864847733,23.367747601299843,1.0
2014,2,Misiones,23.367747601299843,23.567356954345527,0.85
2014,3,Misiones,23.567356954345527,24.162430605588312,2.52
2014,4,Misiones,24.162430605588312,26.305604105190643,8.87
2015,1,Misiones,26.305604105190643,27.34768244882168,3.96
2015,2,Misiones,27.34768244882168,28.306345093436885,3.51
2015,3,Misiones,28.306345093436885,28.68665889154237,1.34
2015,4,Misiones,28.68665889154237,28.36765259095629,-1.11
2016,1,Misiones,28.36765259095629,29.239512823021972,3.07
2016,2,Misiones,29.239512823021972,29.905385775898186,2.28
2016,3,Misiones,29.905385775898186,29.720149807797423,-0.62
2016,4,Misiones,29.720149807797423,29.522202363131044,-0.67
2017,1,Misiones,29.522202363131044,30.089248025085933,1.92
2017,2,Misiones,30.089248025085933,30.205990933031902,0.39
2017,3,Misiones,30.205990933031902,31.14218485379854,3.1
2017,4,Misiones,31.14218485379854,30.95673588446963,-0.6
2018,1,Misiones,30.95673588446963,31.630907682221824,2.18
2018,2,Misiones,31.630907682221824,32.10366641805902,1.49
2018,3,Misiones,32.10366641805902,34.4507488777944,7.31
2018,4,Misiones,34.4507488777944,36.25716826552349,5.24
2019,1,Misiones,36.25716826552349,39.14612554169944,7.97
2019,2,Misiones,39.14612554169944,39.33292986744382,0.48
2019,3,Misiones,39.33292986744382,39.78923684048622,1.16
2019,4,Misiones,39.78923684048622,39.01834755171205,-1.94
2020,1,Misiones,39.01834755171205,40.88779600969606,4.79
2020,2,Misiones,40.88779600969606,41.60448628544863,1.75
2020,3,Misiones,41.60448628544863,42.64411416119227,2.5
2020,4,Misiones,42.64411416119227,43.172438905971845,1.24
2021,1,Misiones,43.172438905971845,45.0128113119994,4.26
2021,2,Misiones,45.0128113119994,45.57065365808786,1.24
2021,3,Misiones,45.57065365808786,49.06462073058497,7.67
2021,4,Misiones,49.06462073058497,49.04334199772953,-0.04
2022,1,Misiones,49.04334199772953,51.0,3.99
2022,2,Misiones,51.0,51.82,1.61
2022,3,Misiones,51.82,52.85,1.99
2022,4,Misiones,52.85,53.97,2.12
2023,1,Misiones,53.97,55.18,2.24
2023,2,Misiones,55.18,55.51,0.6
2014,1,Neuquén,49.79160519138556,50.84274905844866,2.11
2014,2,Neuquén,50.84274905844866,56.39541102706976,10.92
2014,3,Neuquén,56.39541102706976,52.55498969724957,-6.81
2014,4,Neuquén,52.55498969724957,51.95443673810251,-1.14
2015,1,Neuquén,51.95443673810251,53.11733659323144,2.24
2015,2,Neuquén,53.11733659323144,54.59931489671118,2.79
2015,3,Neuquén,54.59931489671118,58.2893377687955,6.76
2015,4,Neuquén,58.2893377687955,55.75393700425406,-4.35
2016,1,Neuquén,55.75393700425406,59.09828553366204,6.0
2016,2,Neuquén,59.09828553366204,60.21485088853954,1.89
2016,3,Neuquén,60.21485088853954,60.873667228199054,1.09
2016,4,Neuquén,60.873667228199054,61.02302006782746,0.25
2017,1,Neuquén,61.02302006782746,61.91013427666159,1.45
2017,2,Neuquén,61.91013427666159,60.8304131050389,-1.74
2017,3,Neuquén,60.8304131050389,61.24232317785096,0.68
2017,4,Neuquén,61.24232317785096,61.517390351563726,0.45
2018,1,Neuquén,61.517390351563726,60.23679161402031,-2.08
2018,2,Neuquén,60.23679161402031,60.48661674396911,0.41
2018,3,Neuquén,60.48661674396911,59.06916926636779,-2.34
2018,4,Neuquén,59.06916926636779,58.87800433437489,-0.32
2019,1,Neuquén,58.87800433437489,63.0809643276744,7.14
2019,2,Neuquén,63.0809643276744,64.13887269491578,1.68
2019,3,Neuquén,64.13887269491578,59.35590092822445,-7.46
2019,4,Neuquén,59.35590092822445,61.84749362355069,4.2
2020,1,Neuquén,61.84749362355069,63.89846903376432,3.32
2020,2,Neuquén,63.89846903376432,65.24417025530218,2.11
2020,3,Neuquén,65.24417025530218,67.00234522048092,2.69
2020,4,Neuquén,67.00234522048092,66.84208942045272,-0.24
2021,1,Neuquén,66.84208942045272,69.14021084638621,3.44
2021,2,Neuquén,69.14021084638621,69.70653344501615,0.82
2021,3,Neuquén,69.70653344501615,73.30016254020012,5.16
2021,4,Neuquén,73.30016254020012,74.17305509992715,1.19
2022,1,Neuquén,74.17305509992715,80.02,7.88
2022,2,Neuquén,80.02,80.37,0.44
2022,3,Neuquén,80.37,78.67,-2.12
2022,4,Neuquén,78.67,78.55,-0.15
2023,1,Neuquén,78.55,78.97,0.53
2023,2,Neuquén,78.97,79.97,1.27
2014,1,Río Negro,44.913957131788514,45.33491032014632,0.94
2014,2,Río Negro,45.33491032014632,46.19618715783015,1.9
2014,3,Río Negro,46.19618715783015,45.47806275120403,-1.55
2014,4,Río Negro,45.47806275120403,45.32694907202778,-0.33
2015,1,Río Negro,45.32694907202778,45.97612013432327,1.43
2015,2,Río Negro,45.97612013432327,46.389186656745146,0.9
2015,3,Río Negro,46.389186656745146,46.43948111494307,0.11
2015,4,Río Negro,46.43948111494307,45.83512638708331,-1.3
2016,1,Río Negro,45.83512638708331,46.24011307812744,0.88
2016,2,Río Negro,46.24011307812744,46.38796536215942,0.32
2016,3,Río Negro,46.38796536215942,46.38521035065572,-0.01
2016,4,Río Negro,46.38521035065572,46.02953874119518,-0.77
2017,1,Río Negro,46.02953874119518,46.02080512293318,-0.02
2017,2,Río Negro,46.02080512293318,48.51865893950063,5.43
2017,3,Río Negro,48.51865893950063,49.37562976824529,1.77
2017,4,Río Negro,49.37562976824529,49.816861312232405,0.89
2018,1,Río Negro,49.816861312232405,50.1478946239634,0.66
2018,2,Río Negro,50.1478946239634,50.54264808703746,0.79
2018,3,Río Negro,50.54264808703746,51.86140345426057,2.61
2018,4,Río Negro,51.86140345426057,53.57164978100252,3.3
2019,1,Río Negro,53.57164978100252,61.0942074999118,14.04
2019,2,Río Negro,61.0942074999118,63.42470088700958,3.81
2019,3,Río Negro,63.42470088700958,55.70500968287489,-12.17
2019,4,Río Negro,55.70500968287489,55.11566865962362,-1.06
2020,1,Río Negro,55.11566865962362,56.36933524879196,2.27
2020,2,Río Negro,56.36933524879196,57.05240591584501,1.21
2020,3,Río Negro,57.05240591584501,61.08861548045476,7.07
2020,4,Río Negro,61.08861548045476,60.87924030325769,-0.34
2021,1,Río Negro,60.87924030325769,61.94204057417748,1.75
2021,2,Río Negro,61.94204057417748,61.967213114754095,0.04
2021,3,Río Negro,61.967213114754095,65.69489961160652,6.02
2021,4,Río Negro,65.69489961160652,67.03640754987029,2.04
2022,1,Río Negro,67.03640754987029,67.85,1.21
2022,2,Río Negro,67.85,67.98,0.19
2022,3,Río Negro,67.98,68.42,0.65
2022,4,Río Negro,68.42,69.16,1.08
2023,1,Río Negro,69.16,68.56,-0.87
2023,2,Río Negro,68.56,68.4,-0.23
2014,1,Salta,28.69955950963068,28.91459400086288,0.75
2014,2,Salta,28.91459400086288,29.2226843537979,1.07
2014,3,Salta,29.2226843537979,29.534861619577978,1.07
2014,4,Salta,29.534861619577978,30.00978823344275,1.61
2015,1,Salta,30.00978823344275,30.46112384270092,1.5
2015,2,Salta,30.46112384270092,31.175945212858437,2.35
2015,3,Salta,31.175945212858437,31.593492648071862,1.34
2015,4,Salta,31.593492648071862,31.315545971153234,-0.88
2016,1,Salta,31.315545971153234,32.08172602508202,2.45
2016,2,Salta,32.08172602508202,32.95583168118035,2.72
2016,3,Salta,32.95583168118035,32.69411973937546,-0.79
2016,4,Salta,32.69411973937546,32.57548931482305,-0.36
2017,1,Salta,32.57548931482305,32.739420263626215,0.5
2017,2,Salta,32.739420263626215,39.839700806907416,21.69
2017,3,Salta,39.839700806907416,39.79624247145896,-0.11
2017,4,Salta,39.79624247145896,39.7755916329188,-0.05
2018,1,Salta,39.7755916329188,39.93719209989731,0.41
2018,2,Salta,39.93719209989731,39.42741342068409,-1.28
2018,3,Salta,39.42741342068409,39.80161006973815,0.95
2018,4,Salta,39.80161006973815,40.09834441771615,0.75
2019,1,Salta,40.09834441771615,41.89319832036978,4.48
2019,2,Salta,41.89319832036978,44.47617792228716,6.17
2019,3,Salta,44.47617792228716,50.35463892238824,13.22
2019,4,Salta,50.35463892238824,49.59568027012866,-1.51
2020,1,Salta,49.59568027012866,51.58158335340357,4.0
2020,2,Salta,51.58158335340357,52.31571212848803,1.42
2020,3,Salta,52.31571212848803,54.04275200147659,3.3
2020,4,Salta,54.04275200147659,53.93001926339093,-0.21
2021,1,Salta,53.93001926339093,54.930090174788894,1.85
2021,2,Salta,54.930090174788894,55.9642780595842,1.88
2021,3,Salta,55.9642780595842,56.81442605762217,1.52
2021,4,Salta,56.81442605762217,56.10759340849759,-1.24
2022,1,Salta,56.10759340849759,57.54,2.55
2022,2,Salta,57.54,57.76,0.38
2022,3,Salta,57.76,57.96,0.35
2022,4,Salta,57.96,57.67,-0.5
2023,1,Salta,57.67,57.48,-0.33
2023,2,Salta,57.48,57.57,0.16
2014,1,San Juan,27.59549302299609,27.782697817958912,0.68
2014,2,San Juan,27.782697817958912,27.854244478102743,0.26
2014,3,San Juan,27.854244478102743,28.037145714560676,0.66
2014,4,San Juan,28.037145714560676,27.553192759766446,-1.73
2015,1,San Juan,27.553192759766446,27.64305342045848,0.33
2015,2,San Juan,27.64305342045848,27.66538565566005,0.08
2015,3,San Juan,27.66538565566005,27.6648539357743,-0.0
2015,4,San Juan,27.6648539357743,27.330794110004312,-1.21
2016,1,San Juan,27.330794110004312,27.34078151409113,0.04
2016,2,San Juan,27.34078151409113,27.31712713599077,-0.09
2016,3,San Juan,27.31712713599077,27.292421452197058,-0.09
2016,4,San Juan,27.292421452197058,27.03676098842391,-0.94
2017,1,San Juan,27.03676098842391,26.96461612024698,-0.27
2017,2,San Juan,26.96461612024698,32.36688935995978,20.03
2017,3,San Juan,32.36688935995978,30.29992919128174,-6.39
2017,4,San Juan,30.29992919128174,32.60917745169287,7.62
2018,1,San Juan,32.60917745169287,32.94664884868421,1.03
2018,2,San Juan,32.94664884868421,33.05141650392377,0.32
2018,3,San Juan,33.05141650392377,31.89625207025579,-3.5
2018,4,San Juan,31.89625207025579,31.833058053465464,-0.2
2019,1,San Juan,31.833058053465464,35.59971733748176,11.83
2019,2,San Juan,35.59971733748176,37.06231303554226,4.11
2019,3,San Juan,37.06231303554226,32.85497572815534,-11.35
2019,4,San Juan,32.85497572815534,32.392292136304725,-1.41
2020,1,San Juan,32.392292136304725,35.09485776365026,8.34
2020,2,San Juan,35.09485776365026,38.78995525412846,10.53
2020,3,San Juan,38.78995525412846,36.32088215575813,-6.37
2020,4,San Juan,36.32088215575813,39.055194335357605,7.53
2021,1,San Juan,39.055194335357605,39.28402570062062,0.59
2021,2,San Juan,39.28402570062062,39.4554480019856,0.44
2021,3,San Juan,39.4554480019856,39.588851864871685,0.34
2021,4,San Juan,39.588851864871685,43.54598160933163,10.0
2022,1,San Juan,43.54598160933163,49.46,13.58
2022,2,San Juan,49.46,50.8,2.71
2022,3,San Juan,50.8,50.88,0.16
2022,4,San Juan,50.88,49.75,-2.22
2023,1,San Juan,49.75,47.52,-4.48
2023,2,San Juan,47.52,50.45,6.17
2014,1,San Luis,9.347207842190002,9.717910199871824,3.97
2014,2,San Luis,9.717910199871824,9.711210759672754,-0.07
2014,3,San Luis,9.711210759672754,9.786393366351197,0.77
2014,4,San Luis,9.786393366351197,9.716048963760594,-0.72
2015,1,San Luis,9.716048963760594,9.707971837203658,-0.08
2015,2,San Luis,9.707971837203658,9.70650326873876,-0.02
2015,3,San Luis,9.70650326873876,9.705768984506312,-0.01
2015,4,San Luis,9.705768984506312,9.586346282770212,-1.23
2016,1,San Luis,9.586346282770212,9.60373385160232,0.18
2016,2,San Luis,9.60373385160232,9.630539686885156,0.28
2016,3,San Luis,9.630539686885156,9.640682435370556,0.11
2016,4,San Luis,9.640682435370556,9.545500193678896,-0.99
2017,1,San Luis,9.545500193678896,9.513970314868304,-0.33
2017,2,San Luis,9.513970314868304,15.477861790298098,62.69
2017,3,San Luis,15.477861790298098,10.586731069754228,-31.6
2017,4,San Luis,10.586731069754228,15.14879034827491,43.09
2018,1,San Luis,15.14879034827491,15.150424491351384,0.01
2018,2,San Luis,15.150424491351384,52.35311497551916,245.56
2018,3,San Luis,52.35311497551916,67.55045369760039,29.03
2018,4,San Luis,67.55045369760039,67.3379373977716,-0.31
2019,1,San Luis,67.3379373977716,81.789994425864,21.46
2019,2,San Luis,81.789994425864,85.22608876849344,4.2
2019,3,San Luis,85.22608876849344,74.92002603481464,-12.09
2019,4,San Luis,74.92002603481464,76.30854184641933,1.85
2020,1,San Luis,76.30854184641933,78.4096773527651,2.75
2020,2,San Luis,78.4096773527651,79.96172209417188,1.98
2020,3,San Luis,79.96172209417188,81.67947806105701,2.15
2020,4,San Luis,81.67947806105701,81.23730177127507,-0.54
2021,1,San Luis,81.23730177127507,83.47810720063075,2.76
2021,2,San Luis,83.47810720063075,79.87043349212911,-4.32
2021,3,San Luis,79.87043349212911,80.29578283135379,0.53
2021,4,San Luis,80.29578283135379,80.72423060601774,0.53
2022,1,San Luis,80.72423060601774,81.76,1.28
2022,2,San Luis,81.76,81.74,-0.02
2022,3,San Luis,81.74,90.27,10.44
2022,4,San Luis,90.27,90.17,-0.11
2023,1,San Luis,90.17,93.41,3.59
2023,2,San Luis,93.41,98.55,5.5
2014,1,Santa Cruz,28.939093063577776,29.377007153054272,1.51
2014,2,Santa Cruz,29.377007153054272,28.231942904274984,-3.9
2014,3,Santa Cruz,28.231942904274984,27.802678969652344,-1.52
2014,4,Santa Cruz,27.802678969652344,27.994863943494483,0.69
2015,1,Santa Cruz,27.994863943494483,27.072245027448236,-3.3
2015,2,Santa Cruz,27.072245027448236,27.60606098342944,1.97
2015,3,Santa Cruz,27.60606098342944,27.74476906647967,0.5
2015,4,Santa Cruz,27.74476906647967,26.865862521449998,-3.17
2016,1,Santa Cruz,26.865862521449998,26.728911725319804,-0.51
2016,2,Santa Cruz,26.728911725319804,26.835201895450695,0.4
2016,3,Santa Cruz,26.835201895450695,27.04676021484584,0.79
2016,4,Santa Cruz,27.04676021484584,26.52499173785465,-1.93
2017,1,Santa Cruz,26.52499173785465,26.248619828709558,-1.04
2017,2,Santa Cruz,26.248619828709558,33.29182971658959,26.83
2017,3,Santa Cruz,33.29182971658959,28.912492882806827,-13.15
2017,4,Santa Cruz,28.912492882806827,33.55275989857616,16.05
2018,1,Santa Cruz,33.55275989857616,33.33236451006607,-0.66
2018,2,Santa Cruz,33.33236451006607,32.72785029455932,-1.81
2018,3,Santa Cruz,32.72785029455932,23.68919410065612,-27.62
2018,4,Santa Cruz,23.68919410065612,23.66765499676892,-0.09
2019,1,Santa Cruz,23.66765499676892,28.846063055322123,21.88
2019,2,Santa Cruz,28.846063055322123,35.62816097885956,23.51
2019,3,Santa Cruz,35.62816097885956,36.71136308535834,3.04
2019,4,Santa Cruz,36.71136308535834,35.97427628896549,-2.01
2020,1,Santa Cruz,35.97427628896549,35.79262396979603,-0.5
2020,2,Santa Cruz,35.79262396979603,35.95152890784452,0.44
2020,3,Santa Cruz,35.95152890784452,36.99957245908797,2.92
2020,4,Santa Cruz,36.99957245908797,41.64783103990742,12.56
2021,1,Santa Cruz,41.64783103990742,44.01491665543425,5.68
2021,2,Santa Cruz,44.01491665543425,43.74732028012005,-0.61
2021,3,Santa Cruz,43.74732028012005,43.05121466117346,-1.59
2021,4,Santa Cruz,43.05121466117346,43.33842311053054,0.67
2022,1,Santa Cruz,43.33842311053054,43.15,-0.43
2022,2,Santa Cruz,43.15,43.19,0.09
2022,3,Santa Cruz,43.19,43.53,0.79
2022,4,Santa Cruz,43.53,43.42,-0.25
2023,1,Santa Cruz,43.42,41.66,-4.05
2023,2,Santa Cruz,41.66,40.89,-1.85
2014,1,Santa Fe,47.84766256547095,48.39035138670138,1.13
2014,2,Santa Fe,48.39035138670138,49.19588444557267,1.66
2014,3,Santa Fe,49.19588444557267,49.99962302348271,1.63
2014,4,Santa Fe,49.99962302348271,50.24449475931921,0.49
2015,1,Santa Fe,50.24449475931921,51.17653890867876,1.86
2015,2,Santa Fe,51.17653890867876,52.14595474084349,1.89
2015,3,Santa Fe,52.14595474084349,52.60808978585806,0.89
2015,4,Santa Fe,52.60808978585806,51.27734085407622,-2.53
2016,1,Santa Fe,51.27734085407622,52.43647725937112,2.26
2016,2,Santa Fe,52.43647725937112,52.67215036886248,0.45
2016,3,Santa Fe,52.67215036886248,52.19105023718895,-0.91
2016,4,Santa Fe,52.19105023718895,51.970107692080425,-0.42
2017,1,Santa Fe,51.970107692080425,52.26961123969867,0.58
2017,2,Santa Fe,52.26961123969867,60.90635563451515,16.52
2017,3,Santa Fe,60.90635563451515,61.7127712196729,1.32
2017,4,Santa Fe,61.7127712196729,62.28199844300957,0.92
2018,1,Santa Fe,62.28199844300957,62.57079239957442,0.46
2018,2,Santa Fe,62.57079239957442,63.4096146162309,1.34
2018,3,Santa Fe,63.4096146162309,65.58706886191564,3.43
2018,4,Santa Fe,65.58706886191564,66.97409094791476,2.11
2019,1,Santa Fe,66.97409094791476,67.42291993321949,0.67
2019,2,Santa Fe,67.42291993321949,68.87178057593026,2.15
2019,3,Santa Fe,68.87178057593026,69.48235725596862,0.89
2019,4,Santa Fe,69.48235725596862,69.52357940253133,0.06
2020,1,Santa Fe,69.52357940253133,70.002168637187,0.69
2020,2,Santa Fe,70.002168637187,72.12060247348236,3.03
2020,3,Santa Fe,72.12060247348236,73.58073807267776,2.02
2020,4,Santa Fe,73.58073807267776,73.91656407026184,0.46
2021,1,Santa Fe,73.91656407026184,75.06878626293008,1.56
2021,2,Santa Fe,75.06878626293008,75.01704762728227,-0.07
2021,3,Santa Fe,75.01704762728227,77.08920179439227,2.76
2021,4,Santa Fe,77.08920179439227,77.30458474758402,0.28
2022,1,Santa Fe,77.30458474758402,77.9,0.77
2022,2,Santa Fe,77.9,78.55,0.83
2022,3,Santa Fe,78.55,78.4,-0.19
2022,4,Santa Fe,78.4,78.13,-0.34
2023,1,Santa Fe,78.13,78.83,0.9
2023,2,Santa Fe,78.83,79.09,0.33
2014,1,Santiago Del Estero,16.309923503967603,16.695567347354444,2.36
2014,2,Santiago Del Estero,16.695567347354444,16.49220390830193,-1.22
2014,3,Santiago Del Estero,16.49220390830193,17.26920158364512,4.71
2014,4,Santiago Del Estero,17.26920158364512,17.0558169911586,-1.24
2015,1,Santiago Del Estero,17.0558169911586,17.110566632982863,0.32
2015,2,Santiago Del Estero,17.110566632982863,17.11882253135319,0.05
2015,3,Santiago Del Estero,17.11882253135319,17.00497803803607,-0.67
2015,4,Santiago Del Estero,17.00497803803607,16.205749206821952,-4.7
2016,1,Santiago Del Estero,16.205749206821952,15.888925047306124,-1.96
2016,2,Santiago Del Estero,15.888925047306124,15.329646578472886,-3.52
2016,3,Santiago Del Estero,15.329646578472886,15.067847510433346,-1.71
2016,4,Santiago Del Estero,15.067847510433346,14.702119493368588,-2.43
2017,1,Santiago Del Estero,14.702119493368588,14.118988073971998,-3.97
2017,2,Santiago Del Estero,14.118988073971998,35.12104488438485,148.75
2017,3,Santiago Del Estero,35.12104488438485,29.126386109501063,-17.07
2017,4,Santiago Del Estero,29.126386109501063,34.9882694482421,20.13
2018,1,Santiago Del Estero,34.9882694482421,35.25646421116424,0.77
2018,2,Santiago Del Estero,35.25646421116424,36.24961697805127,2.82
2018,3,Santiago Del Estero,36.24961697805127,37.40072595129344,3.18
2018,4,Santiago Del Estero,37.40072595129344,37.51941674600391,0.32
2019,1,Santiago Del Estero,37.51941674600391,52.78997126317105,40.7
2019,2,Santiago Del Estero,52.78997126317105,55.30391146854541,4.76
2019,3,Santiago Del Estero,55.30391146854541,42.92077382358182,-22.39
2019,4,Santiago Del Estero,42.92077382358182,42.466359187991806,-1.06
2020,1,Santiago Del Estero,42.466359187991806,43.46716682468362,2.36
2020,2,Santiago Del Estero,43.46716682468362,43.37593131691913,-0.21
2020,3,Santiago Del Estero,43.37593131691913,43.749256620689934,0.86
2020,4,Santiago Del Estero,43.749256620689934,45.67308282365455,4.4
2021,1,Santiago Del Estero,45.67308282365455,46.557275364921054,1.94
2021,2,Santiago Del Estero,46.557275364921054,47.0,0.95
2021,3,Santiago Del Estero,47.0,47.0459491943867,0.1
2021,4,Santiago Del Estero,47.0459491943867,47.17273839324049,0.27
2022,1,Santiago Del Estero,47.17273839324049,47.7,1.12
2022,2,Santiago Del Estero,47.7,47.98,0.59
2022,3,Santiago Del Estero,47.98,48.05,0.15
2022,4,Santiago Del Estero,48.05,47.55,-1.04
2023,1,Santiago Del Estero,47.55,47.14,-0.86
2023,2,Santiago Del Estero,47.14,48.67,3.25
2014,1,Tierra Del Fuego,63.965925574153744,64.35604517159936,0.61
2014,2,Tierra Del Fuego,64.35604517159936,65.68610204476191,2.07
2014,3,Tierra Del Fuego,65.68610204476191,66.13781947338316,0.69
2014,4,Tierra Del Fuego,66.13781947338316,74.23495170010268,12.24
2015,1,Tierra Del Fuego,74.23495170010268,74.50787431664719,0.37
2015,2,Tierra Del Fuego,74.50787431664719,74.85845784033849,0.47
2015,3,Tierra Del Fuego,74.85845784033849,66.46220433623792,-11.22
2015,4,Tierra Del Fuego,66.46220433623792,65.83304163135006,-0.95
2016,1,Tierra Del Fuego,65.83304163135006,67.71824288255286,2.86
2016,2,Tierra Del Fuego,67.71824288255286,68.94049249100736,1.8
2016,3,Tierra Del Fuego,68.94049249100736,70.30526590539473,1.98
2016,4,Tierra Del Fuego,70.30526590539473,68.91974851288131,-1.97
2017,1,Tierra Del Fuego,68.91974851288131,68.46322075955756,-0.66
2017,2,Tierra Del Fuego,68.46322075955756,65.74180473434595,-3.98
2017,3,Tierra Del Fuego,65.74180473434595,59.89413596263622,-8.89
2017,4,Tierra Del Fuego,59.89413596263622,65.19963702359347,8.86
2018,1,Tierra Del Fuego,65.19963702359347,91.60519629538562,40.5
2018,2,Tierra Del Fuego,91.60519629538562,92.77191839394062,1.27
2018,3,Tierra Del Fuego,92.77191839394062,93.59257086207944,0.88
2018,4,Tierra Del Fuego,93.59257086207944,93.37581922721242,-0.23
2019,1,Tierra Del Fuego,93.37581922721242,94.79803428023492,1.52
2019,2,Tierra Del Fuego,94.79803428023492,96.46210963092378,1.76
2019,3,Tierra Del Fuego,96.46210963092378,79.69536136377089,-17.38
2019,4,Tierra Del Fuego,79.69536136377089,76.06964979018785,-4.55
2020,1,Tierra Del Fuego,76.06964979018785,76.36948260742473,0.39
2020,2,Tierra Del Fuego,76.36948260742473,76.80909583946696,0.58
2020,3,Tierra Del Fuego,76.80909583946696,76.26583496977399,-0.71
2020,4,Tierra Del Fuego,76.26583496977399,77.34935609177366,1.42
2021,1,Tierra Del Fuego,77.34935609177366,67.88580775229184,-12.23
2021,2,Tierra Del Fuego,67.88580775229184,94.95386825985028,39.87
2021,3,Tierra Del Fuego,94.95386825985028,98.40061644865432,3.63
2021,4,Tierra Del Fuego,98.40061644865432,98.29055038672794,-0.11
2022,1,Tierra Del Fuego,98.29055038672794,99.86,1.6
2022,2,Tierra Del Fuego,99.86,99.51,-0.35
2022,3,Tierra Del Fuego,99.51,101.44,1.94
2022,4,Tierra Del Fuego,101.44,104.23,2.75
2023,1,Tierra Del Fuego,104.23,106.38,2.06
2023,2,Tierra Del Fuego,106.38,105.95,-0.4
2014,1,Tucumán,33.4209747934719,33.94452688568229,1.57
2014,2,Tucumán,33.94452688568229,33.94375582221807,-0.0
2014,3,Tucumán,33.94375582221807,35.32087516932818,4.06
2014,4,Tucumán,35.32087516932818,35.07860688538978,-0.69
2015,1,Tucumán,35.07860688538978,35.68770560918727,1.74
2015,2,Tucumán,35.68770560918727,36.61035952774264,2.59
2015,3,Tucumán,36.61035952774264,37.06217328329588,1.23
2015,4,Tucumán,37.06217328329588,36.72477136636591,-0.91
2016,1,Tucumán,36.72477136636591,37.23568289338424,1.39
2016,2,Tucumán,37.23568289338424,37.89736341023836,1.78
2016,3,Tucumán,37.89736341023836,37.9807622036193,0.22
2016,4,Tucumán,37.9807622036193,37.90016075894098,-0.21
2017,1,Tucumán,37.90016075894098,38.18623365639289,0.75
2017,2,Tucumán,38.18623365639289,39.69537916123259,3.95
2017,3,Tucumán,39.69537916123259,39.8968735176797,0.51
2017,4,Tucumán,39.8968735176797,41.17600938886616,3.21
2018,1,Tucumán,41.17600938886616,41.512563170017415,0.82
2018,2,Tucumán,41.512563170017415,41.68101359528755,0.41
2018,3,Tucumán,41.68101359528755,41.75796963877769,0.18
2018,4,Tucumán,41.75796963877769,41.63074443134759,-0.3
2019,1,Tucumán,41.63074443134759,40.13604621420884,-3.59
2019,2,Tucumán,40.13604621420884,39.487600204016815,-1.62
2019,3,Tucumán,39.487600204016815,47.64902012521289,20.67
2019,4,Tucumán,47.64902012521289,47.84792325850032,0.42
2020,1,Tucumán,47.84792325850032,51.78074091030483,8.22
2020,2,Tucumán,51.78074091030483,53.2281495112899,2.8
2020,3,Tucumán,53.2281495112899,54.78340441369959,2.92
2020,4,Tucumán,54.78340441369959,54.81892254125389,0.06
2021,1,Tucumán,54.81892254125389,54.928196510348045,0.2
2021,2,Tucumán,54.928196510348045,54.63604486100796,-0.53
2021,3,Tucumán,54.63604486100796,55.92599102424391,2.36
2021,4,Tucumán,55.92599102424391,57.39003227231194,2.62
2022,1,Tucumán,57.39003227231194,59.31,3.35
2022,2,Tucumán,59.31,61.14,3.09
2022,3,Tucumán,61.14,61.04,-0.16
2022,4,Tucumán,61.04,60.34,-1.15
2023,1,Tucumán,60.34,60.75,0.68
2023,2,Tucumán,60.75,61.26,0.84
